ACCIDENT_DATE,ACCIDENT_TIME,ALCOHOLTIME,ACCIDENT_TYPE,DCA_CODE,HIT_RUN_FLAG,LIGHT_CONDITION,POLICE_ATTEND,ROAD_GEOMETRY,SEVERITY,SPEED_ZONE,LONGITUDE,LATITUDE,LGA_NAME,REGION_NAME,TOTAL_PERSONS,INJ_OR_FATAL,FATALITY,SERIOUSINJURY,OTHERINJURY,NONINJURED,MALES,FEMALES,BICYCLIST,PASSENGER,DRIVER,PEDESTRIAN,PILLION,MOTORIST,UNKNOWN,PED_CYCLIST_5_12,PED_CYCLIST_13_18,OLD_PEDESTRIAN,OLD_DRIVER,YOUNG_DRIVER,ALCOHOL_RELATED,UNLICENCSED,NO_OF_VEHICLES,HEAVYVEHICLE,PASSENGERVEHICLE,MOTORCYCLE,PUBLICVEHICLE,DEG_URBAN_NAME
8/08/2014,16.00.00,Yes,Collision with vehicle,REAR END(VEHICLES IN SAME LANE),No,Day,Yes,T intersection,Other injury accident,80 km/hr,145.24533,-38.00284,CASEY,METROPOLITAN SOUTH EAST REGION,2,1,0,0,1,1,2,0,0,0,2,0,0,0,0,0,0,0,0,0,No,0,2,0,2,0,0,Metropolitan Excluding CBD
8/08/2014,19.30.00,Yes,Collision with vehicle,RIGHT NEAR (INTERSECTIONS ONLY),No,Dark Street lights on,Yes,T intersection,Serious injury accident,80 km/hr,145.37463,-38.20725,CASEY,METROPOLITAN SOUTH EAST REGION,3,2,0,1,1,1,1,2,0,1,2,0,0,0,0,0,0,0,0,1,No,0,2,0,2,0,0,Small Towns
8/08/2014,21.39.00,Yes,Collision with vehicle,VEHICLE COLLIDES WITH VEHICLE PARKED ON LEFT OF ROAD,No,Dark Street lights on,Yes,Not at intersection,Other injury accident,50 km/hr,145.26985,-38.08224,CASEY,METROPOLITAN SOUTH EAST REGION,2,2,0,0,2,0,0,1,0,1,1,0,0,0,0,0,0,0,0,0,Yes,1,3,0,3,0,0,Metropolitan Excluding CBD
9/08/2014,17.00.00,Yes,Collision with vehicle,REAR END(VEHICLES IN SAME LANE),No,Dusk/Dawn,Yes,Not at intersection,Other injury accident,80 km/hr,145.22957,-38.14597,CASEY,METROPOLITAN SOUTH EAST REGION,5,2,0,0,2,3,1,4,0,3,2,0,0,0,0,0,0,0,0,2,No,0,2,0,2,0,0,Metropolitan Excluding CBD
9/08/2014,10.00.00,No,Vehicle overturned (no collision),OUT OF CONTROL ON CARRIAGEWAY (ON STRAIGHT),No,Day,Yes,Not at intersection,Other injury accident,80 km/hr,145.28312,-38.09799,CASEY,METROPOLITAN SOUTH EAST REGION,1,1,0,0,1,0,1,0,0,0,0,0,0,1,0,0,0,0,0,0,No,0,1,0,0,1,0,Metropolitan Excluding CBD
12/08/2014,19.00.00,Yes,Collision with vehicle,RIGHT THROUGH,No,Dark Street lights on,Yes,T intersection,Other injury accident,70 km/hr,145.29377,-38.09299,CASEY,METROPOLITAN SOUTH EAST REGION,4,3,0,0,3,1,3,1,0,2,2,0,0,0,0,0,0,0,0,0,No,1,2,0,2,0,0,Metropolitan Excluding CBD
13/08/2014,06.34.00,No,Collision with vehicle,REAR END(VEHICLES IN SAME LANE),No,Dusk/Dawn,Yes,Not at intersection,Other injury accident,80 km/hr,145.24451,-38.0783,CASEY,METROPOLITAN SOUTH EAST REGION,4,1,0,0,1,3,2,2,0,1,3,0,0,0,0,0,0,0,0,1,No,0,3,0,3,0,0,Metropolitan Excluding CBD
13/08/2014,10.00.00,No,Collision with vehicle,RIGHT THROUGH,No,Day,Yes,Cross intersection,Other injury accident,80 km/hr,145.29257,-38.09921,CASEY,METROPOLITAN SOUTH EAST REGION,2,1,0,0,1,1,0,2,0,0,2,0,0,0,0,0,0,0,0,0,No,0,2,0,2,0,0,Metropolitan Excluding CBD
14/08/2014,07.00.00,No,Collision with vehicle,REAR END(VEHICLES IN SAME LANE),No,Dusk/Dawn,Yes,Not at intersection,Other injury accident,80 km/hr,145.24705,-38.03628,CASEY,METROPOLITAN SOUTH EAST REGION,4,1,0,0,1,3,4,0,0,0,4,0,0,0,0,0,0,0,0,1,No,0,4,0,4,0,0,Metropolitan Excluding CBD
15/08/2014,19.30.00,Yes,Collision with vehicle,REAR END(VEHICLES IN SAME LANE),No,Dark Street lights on,No,T intersection,Other injury accident,80 km/hr,145.34016,-38.05062,CASEY,METROPOLITAN SOUTH EAST REGION,2,1,0,0,1,1,1,1,0,0,2,0,0,0,0,0,0,0,0,0,No,0,2,0,2,0,0,Metropolitan Excluding CBD
15/08/2014,09.58.00,No,Collision with vehicle,LANE CHANGE LEFT (NOT OVERTAKING),No,Day,Yes,Not at intersection,Other injury accident,100 km/hr,145.2884,-37.99971,CASEY,METROPOLITAN SOUTH EAST REGION,3,1,0,0,1,2,0,3,0,1,2,0,0,0,0,0,0,0,0,1,No,0,2,0,2,0,0,Metropolitan Excluding CBD
16/08/2014,01.55.00,Yes,Vehicle overturned (no collision),OFF CARRIAGEWAY ON LEFT BEND,No,Dark Street lights on,Yes,Not at intersection,Serious injury accident,60 km/hr,145.22884,-38.14588,CASEY,METROPOLITAN SOUTH EAST REGION,3,1,0,1,0,2,1,0,0,1,1,0,0,1,0,0,0,0,0,0,No,0,2,0,1,1,0,Metropolitan Excluding CBD
16/08/2014,18.45.00,Yes,Collision with vehicle,ACCIDENT OR BROKEN DOWN,No,Dark Street lights on,Yes,Not at intersection,Other injury accident,80 km/hr,145.28533,-38.08332,CASEY,METROPOLITAN SOUTH EAST REGION,2,1,0,0,1,1,1,1,0,0,2,0,0,0,0,0,0,0,0,0,No,0,2,0,2,0,0,Metropolitan Excluding CBD
18/08/2014,18.10.00,Yes,Collision with vehicle,REAR END(VEHICLES IN SAME LANE),No,Dark Street lights on,Yes,Not at intersection,Other injury accident,100 km/hr,145.32093,-38.02797,CASEY,METROPOLITAN SOUTH EAST REGION,3,1,0,0,1,2,2,1,0,0,3,0,0,0,0,0,0,0,0,0,No,0,3,0,3,0,0,Metropolitan Excluding CBD
19/08/2014,17.22.00,No,Collision with vehicle,REAR END(VEHICLES IN SAME LANE),No,Dusk/Dawn,Yes,Not at intersection,Other injury accident,100 km/hr,145.26671,-37.99553,CASEY,METROPOLITAN SOUTH EAST REGION,5,1,0,0,1,4,3,2,0,1,4,0,0,0,0,0,0,0,0,1,No,0,4,0,4,0,0,Metropolitan Excluding CBD
19/08/2014,17.16.00,No,Collision with vehicle,REAR END(VEHICLES IN SAME LANE),No,Dusk/Dawn,Yes,Not at intersection,Serious injury accident,80 km/hr,145.30933,-38.01872,CASEY,METROPOLITAN SOUTH EAST REGION,4,1,0,1,0,3,1,3,0,0,4,0,0,0,0,0,0,0,0,2,No,0,4,0,4,0,0,Metropolitan Excluding CBD
20/08/2014,18.30.00,Yes,Struck Pedestrian,PED WALKING WITH TRAFFIC,No,Dark Street lights unknown,No,Cross intersection,Serious injury accident,60 km/hr,145.23803,-37.99509,CASEY,METROPOLITAN SOUTH EAST REGION,3,1,0,1,0,2,2,1,0,1,1,1,0,0,0,0,0,0,0,0,No,0,1,0,1,0,0,Metropolitan Excluding CBD
21/08/2014,15.15.00,No,Collision with vehicle,REAR END(VEHICLES IN SAME LANE),No,Day,No,Not at intersection,Other injury accident,Not known,145.23527,-37.97227,CASEY,METROPOLITAN SOUTH EAST REGION,2,1,0,0,1,1,1,1,0,0,2,0,0,0,0,0,0,0,0,1,No,0,2,0,2,0,0,Metropolitan Excluding CBD
24/08/2014,13.23.00,No,Collision with vehicle,REAR END(VEHICLES IN SAME LANE),No,Day,Yes,Not at intersection,Serious injury accident,60 km/hr,145.29867,-38.06753,CASEY,METROPOLITAN SOUTH EAST REGION,6,1,0,1,0,5,4,2,0,2,4,0,0,0,0,0,0,0,0,1,No,0,4,0,4,0,0,Metropolitan Excluding CBD
24/08/2014,04.00.00,Yes,Struck Pedestrian,PED WALKING WITH TRAFFIC,No,Dark No street lights,No,Not at intersection,Serious injury accident,100 km/hr,145.36642,-38.05847,CASEY,METROPOLITAN SOUTH EAST REGION,2,1,0,1,0,1,2,0,0,0,1,1,0,0,0,0,0,0,0,1,No,0,1,0,1,0,0,Metropolitan Excluding CBD
24/08/2014,16.00.00,Yes,Collision with vehicle,VEHICLE COLLIDES WITH VEHICLE PARKED ON LEFT OF ROAD,No,Day,Yes,T intersection,Other injury accident,50 km/hr,145.27254,-38.03816,CASEY,METROPOLITAN SOUTH EAST REGION,1,1,0,0,1,0,1,0,0,0,1,0,0,0,0,0,0,0,0,0,No,0,2,0,2,0,0,Metropolitan Excluding CBD
24/08/2014,22.13.00,Yes,Collision with vehicle,RIGHT THROUGH,No,Unk.,Yes,Cross intersection,Other injury accident,Not known,145.36034,-38.03961,CASEY,METROPOLITAN SOUTH EAST REGION,2,1,0,0,1,1,2,0,0,0,2,0,0,0,0,0,0,0,0,1,No,0,2,0,2,0,0,Metropolitan Excluding CBD
25/08/2014,12.15.00,No,Collision with vehicle,CROSS TRAFFIC(INTERSECTIONS ONLY),No,Day,Yes,Cross intersection,Other injury accident,50 km/hr,145.28468,-38.05013,CASEY,METROPOLITAN SOUTH EAST REGION,2,1,0,0,1,1,1,1,0,0,2,0,0,0,0,0,0,0,0,0,No,0,2,0,2,0,0,Metropolitan Excluding CBD
25/08/2014,16.15.00,No,Collision with vehicle,VEHICLE COLLIDES WITH VEHICLE PARKED ON LEFT OF ROAD,No,Day,Yes,Not at intersection,Other injury accident,40 km/hr,145.28706,-38.06341,CASEY,METROPOLITAN SOUTH EAST REGION,3,1,0,0,1,2,2,1,0,1,2,0,0,0,0,0,0,0,0,1,No,0,2,0,2,0,0,Metropolitan Excluding CBD
25/08/2014,17.00.00,No,Collision with vehicle,REAR END(VEHICLES IN SAME LANE),No,Dusk/Dawn,Yes,Not at intersection,Serious injury accident,80 km/hr,145.25448,-38.00394,CASEY,METROPOLITAN SOUTH EAST REGION,4,1,0,1,0,3,3,1,0,0,4,0,0,0,0,0,0,0,0,1,No,0,4,0,3,0,0,Metropolitan Excluding CBD
25/08/2014,22.15.00,Yes,Collision with vehicle,LEFT FAR (INTERSECTIONS ONLY),No,Dark Street lights on,Yes,T intersection,Serious injury accident,50 km/hr,145.238,-37.98374,CASEY,METROPOLITAN SOUTH EAST REGION,3,2,0,1,1,1,3,0,0,1,2,0,0,0,0,0,0,0,0,2,No,0,2,0,2,0,0,Metropolitan Excluding CBD
26/08/2014,07.00.00,No,Collision with vehicle,TWO RIGHT TURNING (INTERSECTIONS ONLY),No,Dusk/Dawn,Yes,Cross intersection,Other injury accident,60 km/hr,145.2524,-38.10937,CASEY,METROPOLITAN SOUTH EAST REGION,6,1,0,0,1,5,4,2,0,4,2,0,0,0,0,0,0,0,0,1,No,0,2,0,2,0,0,Metropolitan Excluding CBD
27/08/2014,13.40.00,No,Collision with vehicle,RIGHT THROUGH,No,Day,Yes,T intersection,Other injury accident,80 km/hr,145.24811,-38.03707,CASEY,METROPOLITAN SOUTH EAST REGION,2,1,0,0,1,1,2,0,0,0,2,0,0,0,0,0,0,0,0,0,No,0,2,1,1,0,0,Metropolitan Excluding CBD
27/08/2014,08.10.00,No,Collision with vehicle,TWO RIGHT TURNING (INTERSECTIONS ONLY),No,Day,Yes,T intersection,Other injury accident,80 km/hr,145.3189,-38.16074,CASEY,METROPOLITAN SOUTH EAST REGION,2,1,0,0,1,1,1,1,0,0,2,0,0,0,0,0,0,0,0,0,No,0,2,0,2,0,0,Country
27/08/2014,07.00.00,No,No collision and no object struck,OUT OF CONTROL ON CARRIAGEWAY (ON STRAIGHT),No,Dusk/Dawn,No,Not at intersection,Other injury accident,80 km/hr,145.26326,-38.14994,CASEY,METROPOLITAN SOUTH EAST REGION,1,1,0,0,1,0,1,0,0,0,0,0,0,0,1,0,0,0,0,0,No,0,1,0,0,1,0,Metropolitan Excluding CBD
28/08/2014,10.43.00,No,Collision with vehicle,VEHICLE COLLIDES WITH VEHICLE PARKED ON LEFT OF ROAD,No,Day,Yes,Not at intersection,Serious injury accident,50 km/hr,145.28414,-38.00205,CASEY,METROPOLITAN SOUTH EAST REGION,1,1,0,1,0,0,1,0,0,0,0,0,0,1,0,0,0,0,0,0,No,1,2,0,0,1,0,Metropolitan Excluding CBD
29/08/2014,18.20.00,Yes,Struck Pedestrian,PED NEAR SIDE. PED HIT BY VEHICLE FROM THE RIGHT.,No,Dark Street lights on,Yes,Cross intersection,Other injury accident,60 km/hr,145.30602,-38.0313,CASEY,METROPOLITAN SOUTH EAST REGION,2,1,0,0,1,1,0,2,0,0,1,1,0,0,0,0,0,0,0,0,No,0,1,0,1,0,0,Metropolitan Excluding CBD
30/08/2014,16.25.00,Yes,Collision with vehicle,REAR END(VEHICLES IN SAME LANE),No,Day,No,Cross intersection,Other injury accident,80 km/hr,145.30673,-38.02623,CASEY,METROPOLITAN SOUTH EAST REGION,2,1,0,0,1,1,1,1,0,0,2,0,0,0,0,0,0,0,0,0,No,0,2,0,2,0,0,Metropolitan Excluding CBD
30/08/2014,14.00.00,Yes,Collision with vehicle,RIGHT THROUGH,No,Day,Yes,T intersection,Other injury accident,80 km/hr,145.29204,-37.99069,CASEY,METROPOLITAN SOUTH EAST REGION,2,1,0,0,1,1,1,0,0,0,2,0,0,0,0,0,0,0,0,0,No,0,2,0,2,0,0,Metropolitan Excluding CBD
1/09/2014,07.05.00,No,Collision with vehicle,HEAD ON (NOT OVERTAKING),No,Dusk/Dawn,Yes,Not at intersection,Other injury accident,40 km/hr,145.23539,-38.10721,CASEY,METROPOLITAN SOUTH EAST REGION,2,1,0,0,1,1,1,1,0,0,2,0,0,0,0,0,0,0,0,0,No,0,2,0,2,0,0,Metropolitan Excluding CBD
2/09/2014,08.45.00,No,Collision with vehicle,REAR END(VEHICLES IN SAME LANE),No,Day,Yes,Not at intersection,Other injury accident,80 km/hr,145.26236,-38.11048,CASEY,METROPOLITAN SOUTH EAST REGION,5,1,0,0,1,4,4,1,0,1,4,0,0,0,0,0,0,0,0,0,No,0,4,0,4,0,0,Metropolitan Excluding CBD
2/09/2014,08.15.00,No,Collision with vehicle,REAR END(VEHICLES IN SAME LANE),No,Day,No,T intersection,Other injury accident,Not known,145.34147,-38.044,CASEY,METROPOLITAN SOUTH EAST REGION,2,1,0,0,1,1,2,0,0,0,1,0,0,1,0,0,0,0,0,0,No,0,2,0,1,1,0,Metropolitan Excluding CBD
2/09/2014,16.20.00,No,Collision with vehicle,RIGHT REAR.,No,Day,Yes,T intersection,Serious injury accident,80 km/hr,145.28968,-38.03122,CASEY,METROPOLITAN SOUTH EAST REGION,2,1,0,1,0,1,2,0,0,0,2,0,0,0,0,0,0,0,0,0,No,0,2,0,2,0,0,Metropolitan Excluding CBD
2/09/2014,00.45.00,Yes,Collision with a fixed object,LEFT OFF CARRIAGEWAY INTO OBJECT/PARKED VEHICLE,Yes,Dark Street lights on,Yes,Not at intersection,Serious injury accident,Not known,145.24742,-38.06604,CASEY,METROPOLITAN SOUTH EAST REGION,3,2,0,2,0,1,1,1,0,0,1,2,0,0,0,0,0,0,0,0,No,0,1,0,0,0,0,Metropolitan Excluding CBD
3/09/2014,07.10.00,No,Collision with vehicle,REAR END(VEHICLES IN SAME LANE),No,Dusk/Dawn,Yes,Not at intersection,Other injury accident,80 km/hr,145.2612,-38.05587,CASEY,METROPOLITAN SOUTH EAST REGION,3,1,0,0,1,2,0,3,0,0,3,0,0,0,0,0,0,0,0,2,No,0,3,0,3,0,0,Metropolitan Excluding CBD
4/09/2014,15.30.00,No,Vehicle overturned (no collision),OUT OF CONTROL ON CARRIAGEWAY (ON STRAIGHT),No,Day,Yes,Cross intersection,Other injury accident,80 km/hr,145.21874,-38.18493,CASEY,METROPOLITAN SOUTH EAST REGION,1,1,0,0,1,0,1,0,0,0,1,0,0,0,0,0,0,0,0,0,No,0,1,1,0,0,0,Metropolitan Excluding CBD
5/09/2014,15.30.00,No,Collision with vehicle,LANE CHANGE LEFT (NOT OVERTAKING),No,Day,No,Not at intersection,Other injury accident,100 km/hr,145.26631,-37.99561,CASEY,METROPOLITAN SOUTH EAST REGION,3,1,0,0,1,2,0,3,0,1,2,0,0,0,0,0,0,0,0,0,No,1,2,0,2,0,0,Metropolitan Excluding CBD
5/09/2014,15.10.00,No,Collision with vehicle,REAR END(VEHICLES IN SAME LANE),No,Day,No,Not at intersection,Other injury accident,100 km/hr,145.26515,-37.99503,CASEY,METROPOLITAN SOUTH EAST REGION,3,1,0,0,1,2,2,1,0,0,3,0,0,0,0,0,0,0,1,0,No,0,3,0,3,0,0,Metropolitan Excluding CBD
5/09/2014,15.40.00,No,Collision with vehicle,LEFT REAR,No,Day,No,Cross intersection,Other injury accident,60 km/hr,145.21874,-38.18493,CASEY,METROPOLITAN SOUTH EAST REGION,2,1,0,0,1,1,1,1,0,0,2,0,0,0,0,0,0,0,0,0,No,0,2,0,2,0,0,Metropolitan Excluding CBD
6/09/2014,11.52.00,No,Collision with vehicle,LEFT NEAR (INTERSECTIONS ONLY),No,Day,Yes,Cross intersection,Other injury accident,80 km/hr,145.33534,-38.07451,CASEY,METROPOLITAN SOUTH EAST REGION,3,2,0,0,2,1,2,1,0,1,2,0,0,0,0,0,0,0,0,0,No,0,2,1,1,0,0,Metropolitan Excluding CBD
6/09/2014,20.53.00,Yes,Collision with a fixed object,LEFT OFF CARRIAGEWAY INTO OBJECT/PARKED VEHICLE,No,Dark Street lights on,Yes,Not at intersection,Serious injury accident,100 km/hr,145.31479,-38.02285,CASEY,METROPOLITAN SOUTH EAST REGION,3,3,0,1,2,0,3,0,0,2,1,0,0,0,0,0,0,0,0,0,No,0,1,0,1,0,0,Metropolitan Excluding CBD
7/09/2014,15.00.00,No,Collision with vehicle,REAR END(VEHICLES IN SAME LANE),No,Day,Yes,Not at intersection,Other injury accident,100 km/hr,145.23756,-37.97271,CASEY,METROPOLITAN SOUTH EAST REGION,2,1,0,0,1,1,1,1,0,0,2,0,0,0,0,0,0,0,0,0,No,0,2,0,2,0,0,Metropolitan Excluding CBD
7/09/2014,23.00.00,Yes,Collision with a fixed object,OFF END OF ROAD/T-INTERSECTION.,No,Dark Street lights on,Yes,T intersection,Serious injury accident,50 km/hr,145.23507,-37.99057,CASEY,METROPOLITAN SOUTH EAST REGION,2,1,0,1,0,1,2,0,0,1,1,0,0,0,0,0,0,0,0,1,Yes,0,1,0,1,0,0,Metropolitan Excluding CBD
8/09/2014,08.04.00,No,Collision with vehicle,LANE SIDE SWIPE (VEHICLES IN PARALLEL LANES),No,Day,Yes,Not at intersection,Serious injury accident,100 km/hr,145.34562,-38.04717,CASEY,METROPOLITAN SOUTH EAST REGION,2,1,0,1,0,1,2,0,0,0,1,0,0,1,0,0,0,0,0,0,No,0,2,0,1,1,0,Metropolitan Excluding CBD
8/09/2014,20.55.00,Yes,Collision with vehicle,RIGHT THROUGH,No,Dark Street lights on,Yes,Cross intersection,Other injury accident,60 km/hr,145.28279,-38.11303,CASEY,METROPOLITAN SOUTH EAST REGION,3,3,0,0,3,0,0,3,0,1,2,0,0,0,0,0,0,0,0,1,No,0,2,0,2,0,0,Metropolitan Excluding CBD
10/09/2014,14.06.00,No,Collision with vehicle,RIGHT/LEFT FAR (INTERSECTIONS ONLY),No,Day,Yes,Cross intersection,Serious injury accident,80 km/hr,145.32798,-38.02903,CASEY,METROPOLITAN SOUTH EAST REGION,2,1,0,1,0,1,2,0,0,0,1,0,0,0,1,0,0,0,0,0,No,0,2,0,1,1,0,Metropolitan Excluding CBD
11/09/2014,17.40.00,No,No collision and no object struck,OUT OF CONTROL ON CARRIAGEWAY (ON STRAIGHT),Yes,Dusk/Dawn,Yes,T intersection,Other injury accident,80 km/hr,145.24921,-38.0033,CASEY,METROPOLITAN SOUTH EAST REGION,2,1,0,0,1,1,1,0,1,0,0,0,0,0,1,0,0,0,0,0,No,0,2,0,0,0,0,Metropolitan Excluding CBD
11/09/2014,16.45.00,No,Collision with vehicle,REAR END(VEHICLES IN SAME LANE),Yes,Unk.,No,Cross intersection,Other injury accident,Not known,145.29816,-38.02008,CASEY,METROPOLITAN SOUTH EAST REGION,4,1,0,0,1,3,0,4,0,2,2,0,0,0,0,0,0,0,0,1,No,0,2,0,2,0,0,Metropolitan Excluding CBD
12/09/2014,13.45.00,No,Collision with vehicle,REAR END(VEHICLES IN SAME LANE),No,Day,No,Cross intersection,Other injury accident,Not known,145.30673,-38.02623,CASEY,METROPOLITAN SOUTH EAST REGION,3,1,0,0,1,2,1,2,0,1,2,0,0,0,0,0,0,0,0,0,No,0,2,0,2,0,0,Metropolitan Excluding CBD
12/09/2014,17.00.00,Yes,Collision with vehicle,RIGHT THROUGH,Yes,Dusk/Dawn,Yes,Not at intersection,Other injury accident,50 km/hr,145.24825,-37.98832,CASEY,METROPOLITAN SOUTH EAST REGION,2,1,0,0,1,1,0,1,0,0,1,0,0,0,1,0,0,0,1,0,No,0,2,0,1,0,0,Metropolitan Excluding CBD
13/09/2014,17.00.00,Yes,Collision with a fixed object,LEFT OFF CARRIAGEWAY INTO OBJECT/PARKED VEHICLE,No,Dusk/Dawn,Yes,Not at intersection,Other injury accident,80 km/hr,145.34706,-38.09097,CASEY,METROPOLITAN SOUTH EAST REGION,2,1,0,0,1,1,1,0,0,0,1,0,0,0,1,0,0,0,0,1,No,0,2,0,1,0,0,Metropolitan Excluding CBD
14/09/2014,20.10.00,Yes,Collision with vehicle,HEAD ON (NOT OVERTAKING),No,Dark Street lights on,Yes,Not at intersection,Other injury accident,60 km/hr,145.30997,-38.04859,CASEY,METROPOLITAN SOUTH EAST REGION,5,1,0,0,1,4,2,3,0,3,2,0,0,0,0,0,0,0,0,0,No,0,2,0,2,0,0,Metropolitan Excluding CBD
14/09/2014,08.40.00,Yes,No collision and no object struck,OUT OF CONTROL ON CARRIAGEWAY (ON STRAIGHT),No,Unk.,No,Cross intersection,Other injury accident,Not known,145.28321,-38.08307,CASEY,METROPOLITAN SOUTH EAST REGION,1,1,0,0,1,0,1,0,0,0,0,0,0,1,0,0,0,0,0,0,No,0,1,0,0,1,0,Metropolitan Excluding CBD
15/09/2014,23.15.00,Yes,Collision with vehicle,REAR END(VEHICLES IN SAME LANE),No,Dark Street lights unknown,Not known,Not at intersection,Other injury accident,70 km/hr,145.29664,-37.98845,CASEY,METROPOLITAN SOUTH EAST REGION,2,1,0,0,1,1,1,0,0,0,2,0,0,0,0,0,0,0,0,0,No,0,2,0,1,0,0,Metropolitan Excluding CBD
15/09/2014,07.12.00,No,Collision with vehicle,VEHICLE STRIKES ANOTHER VEH WHILE EMERGING FROM DRIVEWAY,No,Day,Yes,Not at intersection,Other injury accident,60 km/hr,145.27084,-38.01821,CASEY,METROPOLITAN SOUTH EAST REGION,2,1,0,0,1,1,1,1,0,0,2,0,0,0,0,0,0,0,0,0,No,0,2,0,2,0,0,Metropolitan Excluding CBD
16/09/2014,10.20.00,No,Collision with vehicle,RIGHT THROUGH,No,Day,Yes,T intersection,Serious injury accident,60 km/hr,145.34293,-38.03579,CASEY,METROPOLITAN SOUTH EAST REGION,2,1,0,1,0,1,1,1,0,0,2,0,0,0,0,0,0,0,0,0,No,0,2,0,2,0,0,Metropolitan Excluding CBD
17/09/2014,15.11.00,No,Collision with vehicle,REAR END(VEHICLES IN SAME LANE),No,Day,Yes,Not at intersection,Other injury accident,80 km/hr,145.28325,-38.011,CASEY,METROPOLITAN SOUTH EAST REGION,7,2,0,0,2,5,5,2,0,2,5,0,0,0,0,0,0,0,0,0,No,0,5,0,5,0,0,Metropolitan Excluding CBD
17/09/2014,07.15.00,No,Collision with vehicle,RIGHT FAR (INTERSECTIONS ONLY),No,Dusk/Dawn,No,T intersection,Other injury accident,50 km/hr,145.24028,-37.98318,CASEY,METROPOLITAN SOUTH EAST REGION,2,1,0,0,1,1,0,2,0,0,2,0,0,0,0,0,0,0,0,1,No,0,2,0,2,0,0,Metropolitan Excluding CBD
18/09/2014,20.00.00,Yes,Vehicle overturned (no collision),OFF CARRIAGEWAY ON LEFT BEND,No,Dark No street lights,Yes,Y intersection,Other injury accident,50 km/hr,145.37103,-38.00388,CASEY,METROPOLITAN SOUTH EAST REGION,1,1,0,0,1,0,0,1,0,0,1,0,0,0,0,0,0,0,0,0,No,0,1,0,1,0,0,Country
18/09/2014,17.55.00,No,Collision with vehicle,RIGHT THROUGH,No,Dusk/Dawn,Yes,Not at intersection,Other injury accident,60 km/hr,145.30178,-38.01578,CASEY,METROPOLITAN SOUTH EAST REGION,2,1,0,0,1,1,1,1,0,0,2,0,0,0,0,0,0,0,0,2,No,0,2,0,2,0,0,Metropolitan Excluding CBD
19/09/2014,13.55.00,No,Collision with vehicle,RIGHT NEAR (INTERSECTIONS ONLY),No,Day,Yes,Cross intersection,Serious injury accident,80 km/hr,145.28321,-38.08307,CASEY,METROPOLITAN SOUTH EAST REGION,7,1,0,1,0,6,3,4,0,4,3,0,0,0,0,0,0,0,0,0,No,0,3,0,3,0,0,Metropolitan Excluding CBD
21/09/2014,15.45.00,No,Struck Pedestrian,FAR SIDE. PED HIT BY VEHICLE FROM THE LEFT,No,Day,Yes,Not at intersection,Fatal accident,80 km/hr,145.25835,-37.97486,CASEY,METROPOLITAN SOUTH EAST REGION,2,2,1,0,1,0,2,0,0,0,1,1,0,0,0,0,0,0,0,0,No,0,1,0,1,0,0,Metropolitan Excluding CBD
24/09/2014,07.30.00,No,Collision with vehicle,VEHICLE STRIKES ANOTHER VEH WHILE EMERGING FROM DRIVEWAY,No,Dusk/Dawn,Yes,Not at intersection,Serious injury accident,80 km/hr,145.27518,-38.02932,CASEY,METROPOLITAN SOUTH EAST REGION,2,1,0,1,0,1,2,0,0,0,1,0,0,1,0,0,0,0,0,0,No,1,2,0,1,1,0,Metropolitan Excluding CBD
24/09/2014,17.39.00,No,Vehicle overturned (no collision),OUT OF CONTROL ON CARRIAGEWAY (ON STRAIGHT),No,Dusk/Dawn,Yes,Not at intersection,Other injury accident,60 km/hr,145.28367,-38.0678,CASEY,METROPOLITAN SOUTH EAST REGION,4,2,0,0,2,2,4,0,0,3,1,0,0,0,0,0,0,0,0,1,No,0,1,0,1,0,0,Metropolitan Excluding CBD
25/09/2014,15.01.00,No,Collision with a fixed object,OFF LEFT BEND INTO OBJECT/PARKED VEHICLE,No,Day,Yes,Not at intersection,Other injury accident,80 km/hr,145.23875,-37.97251,CASEY,METROPOLITAN SOUTH EAST REGION,1,1,0,0,1,0,0,1,0,0,1,0,0,0,0,0,0,0,0,0,No,0,1,0,1,0,0,Metropolitan Excluding CBD
26/09/2014,16.25.00,Yes,Collision with vehicle,RIGHT THROUGH,No,Day,Yes,Cross intersection,Other injury accident,60 km/hr,145.28279,-38.11303,CASEY,METROPOLITAN SOUTH EAST REGION,5,1,0,0,1,4,3,2,0,3,2,0,0,0,0,0,0,0,0,0,No,0,2,0,2,0,0,Metropolitan Excluding CBD
26/09/2014,17.45.00,Yes,Collision with a fixed object,PERMANENT OBSTRUCTION ON CARRIAGEWAY,No,Dusk/Dawn,Yes,T intersection,Serious injury accident,50 km/hr,145.2941,-38.07876,CASEY,METROPOLITAN SOUTH EAST REGION,1,1,0,1,0,0,1,0,0,0,0,0,0,1,0,0,0,0,0,0,No,0,1,0,0,1,0,Metropolitan Excluding CBD
27/09/2014,12.28.00,No,Collision with vehicle,RIGHT THROUGH,No,Day,Yes,T intersection,Other injury accident,80 km/hr,145.24413,-38.07825,CASEY,METROPOLITAN SOUTH EAST REGION,2,1,0,0,1,1,2,0,0,0,2,0,0,0,0,0,0,0,0,1,No,0,2,0,2,0,0,Metropolitan Excluding CBD