ACCIDENT_DATE,ACCIDENT_TIME,ALCOHOLTIME,ACCIDENT_TYPE,DCA_CODE,HIT_RUN_FLAG,LIGHT_CONDITION,POLICE_ATTEND,ROAD_GEOMETRY,SEVERITY,SPEED_ZONE,LONGITUDE,LATITUDE,LGA_NAME,REGION_NAME,TOTAL_PERSONS,INJ_OR_FATAL,FATALITY,SERIOUSINJURY,OTHERINJURY,NONINJURED,MALES,FEMALES,BICYCLIST,PASSENGER,DRIVER,PEDESTRIAN,PILLION,MOTORIST,UNKNOWN,PED_CYCLIST_5_12,PED_CYCLIST_13_18,OLD_PEDESTRIAN,OLD_DRIVER,YOUNG_DRIVER,ALCOHOL_RELATED,UNLICENCSED,NO_OF_VEHICLES,HEAVYVEHICLE,PASSENGERVEHICLE,MOTORCYCLE,PUBLICVEHICLE,DEG_URBAN_NAME
27/09/2014,14.30.00,Yes,Collision with vehicle,RIGHT THROUGH,Yes,Unk.,No,T intersection,Other injury accident,Not known,145.27392,-38.04873,CASEY,METROPOLITAN SOUTH EAST REGION,3,1,0,0,1,2,1,1,0,1,1,0,0,0,1,0,0,0,0,0,No,0,2,0,1,0,0,Metropolitan Excluding CBD
28/09/2014,10.56.00,No,Collision with vehicle,REAR END(VEHICLES IN SAME LANE),No,Day,Yes,Not at intersection,Other injury accident,80 km/hr,145.34018,-38.05051,CASEY,METROPOLITAN SOUTH EAST REGION,3,1,0,0,1,2,2,1,0,1,2,0,0,0,0,0,0,0,0,0,No,0,2,0,2,0,0,Metropolitan Excluding CBD
1/10/2014,16.50.00,No,Collision with vehicle,REAR END(VEHICLES IN SAME LANE),No,Day,Yes,Not at intersection,Other injury accident,80 km/hr,145.24047,-38.07313,CASEY,METROPOLITAN SOUTH EAST REGION,3,2,0,0,2,1,3,0,0,0,3,0,0,0,0,0,0,0,0,1,No,0,3,0,3,0,0,Metropolitan Excluding CBD
2/10/2014,23.00.00,Yes,Vehicle overturned (no collision),OUT OF CONTROL ON CARRIAGEWAY (ON BEND),No,Dark No street lights,Yes,T intersection,Other injury accident,80 km/hr,145.29957,-37.98658,CASEY,METROPOLITAN SOUTH EAST REGION,1,1,0,0,1,0,1,0,0,0,0,0,0,1,0,0,0,0,0,0,No,0,1,0,0,1,0,Metropolitan Excluding CBD
2/10/2014,16.05.00,No,Collision with vehicle,REAR END(VEHICLES IN SAME LANE),No,Day,Yes,Cross intersection,Other injury accident,80 km/hr,145.30529,-38.02527,CASEY,METROPOLITAN SOUTH EAST REGION,5,2,0,0,2,3,5,0,0,2,3,0,0,0,0,0,0,0,0,1,No,0,3,0,3,0,0,Metropolitan Excluding CBD
6/10/2014,06.33.00,No,Collision with a fixed object,OFF RIGHT BEND INTO OBJECT/PARKED VEHICLE,No,Dusk/Dawn,No,Not at intersection,Serious injury accident,100 km/hr,145.25382,-37.98906,CASEY,METROPOLITAN SOUTH EAST REGION,1,1,0,1,0,0,0,1,0,0,1,0,0,0,0,0,0,0,0,0,No,0,1,0,1,0,0,Metropolitan Excluding CBD
6/10/2014,09.13.00,Yes,Collision with vehicle,RIGHT FAR (INTERSECTIONS ONLY),No,Day,No,T intersection,Other injury accident,80 km/hr,145.30407,-38.04153,CASEY,METROPOLITAN SOUTH EAST REGION,2,1,0,0,1,1,1,0,0,0,2,0,0,0,0,0,0,0,0,0,No,1,2,0,2,0,0,Metropolitan Excluding CBD
6/10/2014,16.45.00,No,Struck Pedestrian,PARKED CAR RUN AWAY,No,Day,Yes,Not at intersection,Other injury accident,Not known,145.26467,-38.02487,CASEY,METROPOLITAN SOUTH EAST REGION,1,1,0,0,1,0,0,1,0,0,0,1,0,0,0,1,0,0,0,0,No,0,1,0,1,0,0,Metropolitan Excluding CBD
7/10/2014,16.36.00,No,Collision with vehicle,REAR END(VEHICLES IN SAME LANE),No,Day,No,Cross intersection,Other injury accident,80 km/hr,145.27856,-38.00879,CASEY,METROPOLITAN SOUTH EAST REGION,2,1,0,0,1,1,1,1,0,0,2,0,0,0,0,0,0,0,0,0,No,0,2,0,2,0,0,Metropolitan Excluding CBD
8/10/2014,17.40.00,No,Collision with vehicle,REAR END(VEHICLES IN SAME LANE),No,Dusk/Dawn,No,Cross intersection,Other injury accident,80 km/hr,145.30529,-38.02527,CASEY,METROPOLITAN SOUTH EAST REGION,2,1,0,0,1,1,1,1,0,0,2,0,0,0,0,0,0,0,0,1,No,0,2,0,2,0,0,Metropolitan Excluding CBD
8/10/2014,22.05.00,Yes,Collision with vehicle,RIGHT NEAR (INTERSECTIONS ONLY),No,Dark Street lights on,Yes,Multiple intersection,Serious injury accident,Not known,145.30848,-38.01814,CASEY,METROPOLITAN SOUTH EAST REGION,6,1,0,1,0,5,3,3,0,4,2,0,0,0,0,0,0,0,0,1,No,0,2,0,2,0,0,Metropolitan Excluding CBD
9/10/2014,08.20.00,No,Collision with a fixed object,RIGHT OFF CARRIAGEWAY INTO OBJECT/PARKED VEHICLE,No,Day,Yes,T intersection,Serious injury accident,80 km/hr,145.33753,-37.99982,CASEY,METROPOLITAN SOUTH EAST REGION,1,1,0,1,0,0,1,0,0,0,1,0,0,0,0,0,0,0,1,0,No,0,1,0,1,0,0,Metropolitan Excluding CBD
9/10/2014,17.20.00,No,Collision with vehicle,REAR END(VEHICLES IN SAME LANE),No,Dusk/Dawn,Yes,Not at intersection,Other injury accident,100 km/hr,145.23834,-37.97335,CASEY,METROPOLITAN SOUTH EAST REGION,2,1,0,0,1,1,1,1,0,0,2,0,0,0,0,0,0,0,0,0,No,0,2,0,2,0,0,Metropolitan Excluding CBD
12/10/2014,18.00.00,Yes,Collision with vehicle,RIGHT NEAR (INTERSECTIONS ONLY),No,Dusk/Dawn,Yes,T intersection,Other injury accident,60 km/hr,145.29177,-38.10336,CASEY,METROPOLITAN SOUTH EAST REGION,3,1,0,0,1,2,2,1,0,1,2,0,0,0,0,0,0,0,0,0,No,0,2,0,2,0,0,Metropolitan Excluding CBD
12/10/2014,06.30.00,Yes,Collision with vehicle,VEHICLE COLLIDES WITH VEHICLE PARKED ON LEFT OF ROAD,No,Dark Street lights on,No,Not at intersection,Serious injury accident,50 km/hr,145.30203,-38.01499,CASEY,METROPOLITAN SOUTH EAST REGION,1,1,0,1,0,0,1,0,0,0,1,0,0,0,0,0,0,0,0,1,Yes,0,2,1,1,0,0,Metropolitan Excluding CBD
13/10/2014,17.00.00,Yes,Collision with vehicle,CROSS TRAFFIC(INTERSECTIONS ONLY),No,Dusk/Dawn,No,Cross intersection,Other injury accident,50 km/hr,145.28745,-38.11236,CASEY,METROPOLITAN SOUTH EAST REGION,2,1,0,0,1,1,1,1,0,0,2,0,0,0,0,0,0,0,0,0,No,0,2,0,2,0,0,Metropolitan Excluding CBD
13/10/2014,16.20.00,No,Collision with vehicle,REAR END(VEHICLES IN SAME LANE),No,Day,Yes,Not at intersection,Other injury accident,100 km/hr,145.234,-37.96591,CASEY,METROPOLITAN SOUTH EAST REGION,7,1,0,0,1,6,2,5,0,3,4,0,0,0,0,0,0,0,0,0,No,0,4,0,4,0,0,Metropolitan Excluding CBD
14/10/2014,20.06.00,Yes,Collision with vehicle,RIGHT THROUGH,No,Dusk/Dawn,Yes,T intersection,Other injury accident,80 km/hr,145.30754,-38.02354,CASEY,METROPOLITAN SOUTH EAST REGION,5,3,0,0,3,2,3,2,0,3,2,0,0,0,0,0,0,0,0,1,No,0,2,0,2,0,0,Metropolitan Excluding CBD
15/10/2014,14.15.00,No,Collision with vehicle,RIGHT REAR.,No,Day,No,Not at intersection,Other injury accident,80 km/hr,145.24393,-38.17152,CASEY,METROPOLITAN SOUTH EAST REGION,3,2,0,0,2,1,0,2,0,1,2,0,0,0,0,0,0,0,0,1,No,0,2,0,1,0,1,Country
15/10/2014,21.01.00,Yes,Collision with vehicle,CROSS TRAFFIC(INTERSECTIONS ONLY),Yes,Dark Street lights on,Yes,Cross intersection,Other injury accident,50 km/hr,145.2505,-37.99643,CASEY,METROPOLITAN SOUTH EAST REGION,3,1,0,0,1,2,1,1,0,1,2,0,0,0,0,0,0,0,0,0,No,0,2,0,2,0,0,Metropolitan Excluding CBD
16/10/2014,14.50.00,No,Collision with vehicle,REAR END(VEHICLES IN SAME LANE),Yes,Day,No,Cross intersection,Serious injury accident,80 km/hr,145.27334,-38.0063,CASEY,METROPOLITAN SOUTH EAST REGION,2,1,0,1,0,1,1,1,0,0,2,0,0,0,0,0,0,0,0,0,No,0,2,0,2,0,0,Metropolitan Excluding CBD
17/10/2014,10.05.00,No,Collision with a fixed object,LEFT OFF CARRIAGEWAY INTO OBJECT/PARKED VEHICLE,No,Day,Yes,Not at intersection,Other injury accident,Not known,145.25948,-38.02717,CASEY,METROPOLITAN SOUTH EAST REGION,1,1,0,0,1,0,0,1,0,0,1,0,0,0,0,0,0,0,0,1,No,0,1,0,1,0,0,Metropolitan Excluding CBD
17/10/2014,18.15.00,Yes,Collision with vehicle,PULLING OUT -REAR END,No,Dusk/Dawn,Yes,Not at intersection,Other injury accident,100 km/hr,145.306,-38.0157,CASEY,METROPOLITAN SOUTH EAST REGION,3,1,0,0,1,2,2,1,0,1,2,0,0,0,0,0,0,0,0,0,No,0,2,0,2,0,0,Metropolitan Excluding CBD
18/10/2014,14.00.00,Yes,Collision with vehicle,RIGHT NEAR (INTERSECTIONS ONLY),No,Day,Yes,T intersection,Serious injury accident,70 km/hr,145.31476,-38.10169,CASEY,METROPOLITAN SOUTH EAST REGION,4,1,0,1,0,3,3,1,0,2,2,0,0,0,0,0,0,0,0,1,No,0,2,0,2,0,0,Metropolitan Excluding CBD
18/10/2014,15.39.00,Yes,Collision with a fixed object,RIGHT OFF CARRIAGEWAY INTO OBJECT/PARKED VEHICLE,No,Day,Yes,Not at intersection,Serious injury accident,Not known,145.3083,-38.15558,CASEY,METROPOLITAN SOUTH EAST REGION,1,1,0,1,0,0,1,0,0,0,1,0,0,0,0,0,0,0,0,0,No,0,1,0,1,0,0,Metropolitan Excluding CBD
18/10/2014,10.00.00,No,No collision and no object struck,OFF CARRIAGEWAY ON RIGHT BEND,No,Day,No,Multiple intersection,Other injury accident,50 km/hr,145.24804,-38.06429,CASEY,METROPOLITAN SOUTH EAST REGION,1,1,0,0,1,0,1,0,0,0,0,0,0,1,0,0,0,0,0,0,No,0,1,0,0,1,0,Metropolitan Excluding CBD
19/10/2014,17.45.00,Yes,Collision with vehicle,REAR END(VEHICLES IN SAME LANE),No,Day,Yes,Cross intersection,Other injury accident,80 km/hr,145.25757,-38.05052,CASEY,METROPOLITAN SOUTH EAST REGION,3,1,0,0,1,2,2,1,0,1,1,0,0,1,0,0,0,0,0,0,No,0,2,0,1,1,0,Metropolitan Excluding CBD
20/10/2014,17.00.00,No,Collision with vehicle,REAR END(VEHICLES IN SAME LANE),No,Dusk/Dawn,Yes,T intersection,Other injury accident,80 km/hr,145.26065,-38.08029,CASEY,METROPOLITAN SOUTH EAST REGION,8,2,0,0,2,6,5,3,0,3,5,0,0,0,0,0,0,0,0,1,No,0,5,0,4,0,0,Metropolitan Excluding CBD
20/10/2014,09.10.00,No,Collision with vehicle,RIGHT REAR.,No,Day,No,Not at intersection,Other injury accident,Not known,145.35398,-38.04385,CASEY,METROPOLITAN SOUTH EAST REGION,3,1,0,0,1,2,0,3,0,1,2,0,0,0,0,0,0,0,0,0,No,0,2,0,2,0,0,Metropolitan Excluding CBD
21/10/2014,10.25.00,No,Collision with a fixed object,LEFT OFF CARRIAGEWAY INTO OBJECT/PARKED VEHICLE,No,Day,Yes,Not at intersection,Serious injury accident,70 km/hr,145.26663,-38.02811,CASEY,METROPOLITAN SOUTH EAST REGION,1,1,0,1,0,0,1,0,0,0,1,0,0,0,0,0,0,0,0,0,No,0,1,0,1,0,0,Metropolitan Excluding CBD
21/10/2014,15.19.00,No,Collision with vehicle,REAR END(VEHICLES IN SAME LANE),No,Day,Yes,Not at intersection,Other injury accident,50 km/hr,145.34307,-38.0358,CASEY,METROPOLITAN SOUTH EAST REGION,3,1,0,0,1,2,0,3,0,1,2,0,0,0,0,0,0,0,0,0,No,0,2,0,2,0,0,Metropolitan Excluding CBD
22/10/2014,22.00.00,Yes,Fall from or in moving vehicle,FELL IN/FROM VEHICLE,No,Dark Street lights on,No,Not at intersection,Other injury accident,80 km/hr,145.2499,-38.12197,CASEY,METROPOLITAN SOUTH EAST REGION,3,1,0,0,1,2,2,1,0,2,1,0,0,0,0,0,0,0,0,0,No,0,1,0,1,0,0,Metropolitan Excluding CBD
23/10/2014,18.10.00,Yes,Collision with vehicle,RIGHT NEAR (INTERSECTIONS ONLY),No,Dusk/Dawn,Yes,T intersection,Other injury accident,50 km/hr,145.30544,-38.03464,CASEY,METROPOLITAN SOUTH EAST REGION,2,1,0,0,1,1,1,1,0,0,2,0,0,0,0,0,0,0,0,0,No,0,2,0,2,0,0,Metropolitan Excluding CBD
24/10/2014,17.15.00,No,Collision with vehicle,REAR END(VEHICLES IN SAME LANE),No,Dusk/Dawn,Yes,Not at intersection,Other injury accident,60 km/hr,145.23873,-37.98762,CASEY,METROPOLITAN SOUTH EAST REGION,7,1,0,0,1,6,4,3,0,3,4,0,0,0,0,0,0,0,0,1,No,0,4,0,4,0,0,Metropolitan Excluding CBD
25/10/2014,12.06.00,No,Collision with a fixed object,LEFT OFF CARRIAGEWAY INTO OBJECT/PARKED VEHICLE,No,Day,Yes,T intersection,Serious injury accident,50 km/hr,145.23114,-37.9953,CASEY,METROPOLITAN SOUTH EAST REGION,1,1,0,1,0,0,1,0,0,0,1,0,0,0,0,0,0,0,0,1,No,0,1,0,1,0,0,Metropolitan Excluding CBD
25/10/2014,22.50.00,Yes,Collision with vehicle,RIGHT THROUGH,No,Dark Street lights on,Yes,Multiple intersection,Other injury accident,80 km/hr,145.25086,-38.00351,CASEY,METROPOLITAN SOUTH EAST REGION,4,1,0,0,1,3,3,1,0,2,2,0,0,0,0,0,0,0,0,1,No,0,2,0,2,0,0,Metropolitan Excluding CBD
25/10/2014,03.00.00,Yes,Collision with a fixed object,LEFT OFF CARRIAGEWAY INTO OBJECT/PARKED VEHICLE,No,Dark Street lights on,No,Not at intersection,Serious injury accident,60 km/hr,145.23066,-38.20241,CASEY,METROPOLITAN SOUTH EAST REGION,2,1,0,1,0,1,2,0,0,1,1,0,0,0,0,0,0,0,0,1,No,0,1,0,1,0,0,Metropolitan Excluding CBD
26/10/2014,01.03.00,Yes,Collision with a fixed object,RIGHT OFF CARRIAGEWAY INTO OBJECT/PARKED VEHICLE,No,Dark Street lights on,Yes,Not at intersection,Serious injury accident,50 km/hr,145.23921,-38.12911,CASEY,METROPOLITAN SOUTH EAST REGION,2,2,0,1,1,0,1,1,0,1,1,0,0,0,0,0,0,0,0,0,Yes,0,1,0,1,0,0,Metropolitan Excluding CBD
26/10/2014,12.55.00,No,Collision with vehicle,REAR END(VEHICLES IN SAME LANE),No,Day,Yes,Not at intersection,Serious injury accident,100 km/hr,145.25231,-38.00213,CASEY,METROPOLITAN SOUTH EAST REGION,2,1,0,1,0,1,1,1,0,0,1,0,0,1,0,0,0,0,0,0,No,0,2,0,1,1,0,Metropolitan Excluding CBD
26/10/2014,12.35.00,No,Collision with a fixed object,LEFT OFF CARRIAGEWAY INTO OBJECT/PARKED VEHICLE,No,Day,Yes,Not at intersection,Other injury accident,100 km/hr,145.25027,-38.01255,CASEY,METROPOLITAN SOUTH EAST REGION,1,1,0,0,1,0,1,0,0,0,1,0,0,0,0,0,0,0,0,0,No,0,1,0,1,0,0,Metropolitan Excluding CBD
27/10/2014,10.26.00,No,Collision with vehicle,REAR END(VEHICLES IN SAME LANE),No,Day,Yes,Not at intersection,Other injury accident,100 km/hr,145.23765,-37.973,CASEY,METROPOLITAN SOUTH EAST REGION,2,1,0,0,1,1,1,1,0,0,2,0,0,0,0,0,0,0,0,1,No,0,2,0,2,0,0,Metropolitan Excluding CBD
28/10/2014,23.00.00,Yes,Collision with a fixed object,LEFT OFF CARRIAGEWAY INTO OBJECT/PARKED VEHICLE,No,Dark Street lights on,Yes,Not at intersection,Serious injury accident,50 km/hr,145.25345,-38.03996,CASEY,METROPOLITAN SOUTH EAST REGION,1,1,0,1,0,0,0,1,0,0,1,0,0,0,0,0,0,0,0,0,No,0,1,0,1,0,0,Metropolitan Excluding CBD
30/10/2014,16.37.00,No,Collision with vehicle,RIGHT THROUGH,No,Day,Yes,T intersection,Other injury accident,60 km/hr,145.28316,-38.11109,CASEY,METROPOLITAN SOUTH EAST REGION,2,1,0,0,1,1,1,1,0,0,2,0,0,0,0,0,0,0,0,1,No,0,2,0,2,0,0,Metropolitan Excluding CBD
30/10/2014,12.45.00,No,Collision with vehicle,RIGHT NEAR (INTERSECTIONS ONLY),No,Day,Yes,T intersection,Serious injury accident,60 km/hr,145.29272,-38.09844,CASEY,METROPOLITAN SOUTH EAST REGION,2,1,0,1,0,1,1,1,0,0,2,0,0,0,0,0,0,0,0,0,No,0,2,0,2,0,0,Metropolitan Excluding CBD
31/10/2014,08.30.00,No,Collision with vehicle,RIGHT THROUGH,No,Day,Yes,Cross intersection,Other injury accident,80 km/hr,145.33534,-38.07451,CASEY,METROPOLITAN SOUTH EAST REGION,2,1,0,0,1,1,1,1,0,0,2,0,0,0,0,0,0,0,0,2,No,0,2,0,2,0,0,Metropolitan Excluding CBD
31/10/2014,08.30.00,No,Collision with vehicle,REAR END(VEHICLES IN SAME LANE),No,Day,No,Not at intersection,Other injury accident,80 km/hr,145.31762,-38.02773,CASEY,METROPOLITAN SOUTH EAST REGION,3,1,0,0,1,2,1,2,0,0,3,0,0,0,0,0,0,0,0,0,No,0,3,0,3,0,0,Metropolitan Excluding CBD
31/10/2014,17.30.00,Yes,Collision with vehicle,REAR END(VEHICLES IN SAME LANE),No,Dusk/Dawn,No,Cross intersection,Other injury accident,60 km/hr,145.28973,-38.11389,CASEY,METROPOLITAN SOUTH EAST REGION,4,1,0,0,1,3,1,2,0,0,4,0,0,0,0,0,0,0,0,2,No,0,4,0,4,0,0,Metropolitan Excluding CBD
1/11/2014,10.00.00,No,Collision with a fixed object,RIGHT OFF CARRIAGEWAY INTO OBJECT/PARKED VEHICLE,No,Day,Yes,Not at intersection,Serious injury accident,100 km/hr,145.31341,-38.0217,CASEY,METROPOLITAN SOUTH EAST REGION,1,1,0,1,0,0,0,1,0,0,1,0,0,0,0,0,0,0,0,0,No,0,1,0,1,0,0,Metropolitan Excluding CBD
2/11/2014,15.45.00,No,Collision with vehicle,RIGHT NEAR (INTERSECTIONS ONLY),No,Day,No,T intersection,Other injury accident,80 km/hr,145.30982,-38.0114,CASEY,METROPOLITAN SOUTH EAST REGION,2,1,0,0,1,1,1,1,0,0,2,0,0,0,0,0,0,0,0,0,No,0,2,0,2,0,0,Metropolitan Excluding CBD
2/11/2014,21.30.00,Yes,collision with some other object,STRUCK OBJECT ON CARRIAGEWAY,No,Dark Street lights on,No,Not at intersection,Serious injury accident,60 km/hr,145.31033,-38.02104,CASEY,METROPOLITAN SOUTH EAST REGION,1,1,0,1,0,0,1,0,0,0,0,0,0,1,0,0,0,0,0,0,No,0,1,0,0,1,0,Metropolitan Excluding CBD
4/11/2014,07.37.00,No,Collision with vehicle,RIGHT THROUGH,No,Day,Yes,T intersection,Other injury accident,50 km/hr,145.29783,-38.0718,CASEY,METROPOLITAN SOUTH EAST REGION,3,3,0,0,3,0,2,1,0,1,2,0,0,0,0,0,0,0,0,0,No,0,2,0,2,0,0,Metropolitan Excluding CBD
5/11/2014,07.15.00,No,No collision and no object struck,OFF CARRIAGEWAY TO LEFT,No,Day,No,Not at intersection,Other injury accident,Not known,145.32813,-38.02905,CASEY,METROPOLITAN SOUTH EAST REGION,1,1,0,0,1,0,0,1,0,0,1,0,0,0,0,0,0,0,0,0,No,0,1,0,1,0,0,Metropolitan Excluding CBD
5/11/2014,14.30.00,No,Collision with vehicle,PARKED VEHICLES ONLY,No,Day,No,Not at intersection,Other injury accident,50 km/hr,145.34759,-38.05504,CASEY,METROPOLITAN SOUTH EAST REGION,2,1,0,0,1,1,0,2,0,0,1,1,0,0,0,0,0,0,0,0,No,0,2,0,2,0,0,Metropolitan Excluding CBD
5/11/2014,20.55.00,Yes,Collision with vehicle,REAR END(VEHICLES IN SAME LANE),No,Dark Street lights on,Yes,T intersection,Other injury accident,80 km/hr,145.24707,-38.00304,CASEY,METROPOLITAN SOUTH EAST REGION,6,1,0,0,1,5,2,2,0,3,3,0,0,0,0,0,0,0,0,1,No,0,3,0,3,0,0,Metropolitan Excluding CBD
6/11/2014,17.35.00,No,Collision with vehicle,REAR END(VEHICLES IN SAME LANE),No,Dusk/Dawn,No,Not at intersection,Other injury accident,80 km/hr,145.26345,-38.08063,CASEY,METROPOLITAN SOUTH EAST REGION,2,1,0,0,1,1,0,2,0,0,2,0,0,0,0,0,0,0,0,0,No,0,2,0,2,0,0,Metropolitan Excluding CBD
7/11/2014,07.00.00,No,Collision with vehicle,VEHICLE COLLIDES WITH VEHICLE PARKED ON LEFT OF ROAD,No,Dusk/Dawn,Yes,Not at intersection,Other injury accident,50 km/hr,145.27258,-38.03152,CASEY,METROPOLITAN SOUTH EAST REGION,2,1,0,0,1,1,2,0,0,0,2,0,0,0,0,0,0,0,0,2,No,0,2,0,2,0,0,Metropolitan Excluding CBD
8/11/2014,00.15.00,Yes,Struck Pedestrian,VEH STRIKES PED ON FOOTPATH/MEDIAN/TRAFFIC ISLAND.,Yes,Dark Street lights unknown,Yes,T intersection,Other injury accident,50 km/hr,145.26665,-38.06995,CASEY,METROPOLITAN SOUTH EAST REGION,2,1,0,0,1,1,1,1,0,0,0,1,0,0,1,0,1,0,0,0,No,0,1,0,0,0,0,Metropolitan Excluding CBD
9/11/2014,13.10.00,No,Vehicle overturned (no collision),OFF CARRIAGEWAY TO LEFT,No,Day,Yes,Not at intersection,Other injury accident,60 km/hr,145.23327,-38.21272,CASEY,METROPOLITAN SOUTH EAST REGION,2,1,0,0,1,1,0,1,0,1,1,0,0,0,0,0,0,0,0,1,No,0,1,0,1,0,0,Country
9/11/2014,14.40.00,No,Collision with vehicle,HEAD ON (NOT OVERTAKING),No,Day,Yes,Not at intersection,Other injury accident,100 km/hr,145.22164,-38.16947,CASEY,METROPOLITAN SOUTH EAST REGION,2,2,0,0,2,0,0,2,0,0,2,0,0,0,0,0,0,0,0,1,Yes,0,2,0,2,0,0,Metropolitan Excluding CBD
9/11/2014,03.00.00,Yes,Collision with vehicle,VEHICLE COLLIDES WITH VEHICLE PARKED ON LEFT OF ROAD,No,Dark Street lights on,No,T intersection,Other injury accident,50 km/hr,145.26517,-38.02186,CASEY,METROPOLITAN SOUTH EAST REGION,2,1,0,0,1,1,1,0,0,0,1,0,0,0,1,0,0,0,0,1,Yes,0,2,0,1,0,0,Metropolitan Excluding CBD
10/11/2014,15.50.00,No,Collision with vehicle,REAR END(VEHICLES IN SAME LANE),No,Day,No,Not at intersection,Other injury accident,100 km/hr,145.24149,-37.9784,CASEY,METROPOLITAN SOUTH EAST REGION,2,1,0,0,1,1,2,0,0,0,2,0,0,0,0,0,0,0,0,2,No,0,2,0,2,0,0,Metropolitan Excluding CBD
12/11/2014,17.20.00,No,Collision with vehicle,REAR END(VEHICLES IN SAME LANE),No,Day,Yes,Not at intersection,Other injury accident,80 km/hr,145.31402,-37.99081,CASEY,METROPOLITAN SOUTH EAST REGION,9,2,0,0,2,7,5,4,0,2,7,0,0,0,0,0,0,0,0,3,No,0,7,1,6,0,0,Metropolitan Excluding CBD
12/11/2014,12.40.00,No,Collision with vehicle,REAR END(VEHICLES IN SAME LANE),No,Day,Yes,Not at intersection,Other injury accident,80 km/hr,145.25199,-38.00365,CASEY,METROPOLITAN SOUTH EAST REGION,9,1,0,0,1,8,2,4,0,5,4,0,0,0,0,0,0,0,0,1,No,0,4,0,4,0,0,Metropolitan Excluding CBD
12/11/2014,17.30.00,No,Collision with vehicle,REAR END(VEHICLES IN SAME LANE),No,Day,Yes,Not at intersection,Other injury accident,100 km/hr,145.28236,-38.20264,CASEY,METROPOLITAN SOUTH EAST REGION,5,1,0,0,1,4,3,2,0,2,3,0,0,0,0,0,0,0,0,2,No,0,3,0,3,0,0,Country
13/11/2014,07.00.00,No,Collision with vehicle,REAR END(VEHICLES IN SAME LANE),No,Dusk/Dawn,No,Not at intersection,Other injury accident,40 km/hr,145.311,-37.99646,CASEY,METROPOLITAN SOUTH EAST REGION,4,1,0,0,1,3,3,1,0,1,3,0,0,0,0,0,0,0,0,0,No,0,3,0,3,0,0,Metropolitan Excluding CBD
14/11/2014,13.47.00,No,Collision with a fixed object,RIGHT OFF CARRIAGEWAY INTO OBJECT/PARKED VEHICLE,No,Day,Yes,Not at intersection,Serious injury accident,80 km/hr,145.25342,-38.04443,CASEY,METROPOLITAN SOUTH EAST REGION,1,1,0,1,0,0,1,0,0,0,1,0,0,0,0,0,0,0,0,0,No,0,1,0,1,0,0,Metropolitan Excluding CBD
15/11/2014,12.27.00,No,Collision with vehicle,RIGHT THROUGH,No,Day,Yes,Not at intersection,Other injury accident,60 km/hr,145.26751,-38.03395,CASEY,METROPOLITAN SOUTH EAST REGION,2,1,0,0,1,1,0,2,0,0,2,0,0,0,0,0,0,0,0,0,No,0,2,0,2,0,0,Metropolitan Excluding CBD
17/11/2014,14.55.00,No,Collision with vehicle,REAR END(VEHICLES IN SAME LANE),No,Day,Yes,Not at intersection,Other injury accident,60 km/hr,145.29802,-38.07084,CASEY,METROPOLITAN SOUTH EAST REGION,4,1,0,0,1,3,1,3,0,1,3,0,0,0,0,0,0,0,0,2,No,0,3,0,3,0,0,Metropolitan Excluding CBD
17/11/2014,12.50.00,No,Collision with vehicle,REAR END(VEHICLES IN SAME LANE),No,Day,Yes,Not at intersection,Serious injury accident,100 km/hr,145.27518,-37.99773,CASEY,METROPOLITAN SOUTH EAST REGION,2,1,0,1,0,1,2,0,0,0,1,0,0,1,0,0,0,0,0,0,No,0,2,0,1,1,0,Metropolitan Excluding CBD
17/11/2014,17.25.00,No,Collision with vehicle,CROSS TRAFFIC(INTERSECTIONS ONLY),No,Day,Yes,Cross intersection,Serious injury accident,80 km/hr,145.31042,-37.98154,CASEY,METROPOLITAN SOUTH EAST REGION,2,1,0,1,0,1,1,1,0,0,2,0,0,0,0,0,0,0,0,0,No,0,2,0,2,0,0,Metropolitan Excluding CBD
18/11/2014,18.30.00,Yes,Collision with vehicle,RIGHT THROUGH,No,Dusk/Dawn,Yes,T intersection,Serious injury accident,70 km/hr,145.26009,-38.02725,CASEY,METROPOLITAN SOUTH EAST REGION,6,4,0,3,1,2,2,4,0,2,4,0,0,0,0,0,0,0,0,1,No,0,4,0,4,0,0,Metropolitan Excluding CBD
19/11/2014,08.20.00,No,Collision with vehicle,REAR END(VEHICLES IN SAME LANE),Yes,Day,No,Multiple intersection,Other injury accident,80 km/hr,145.25306,-38.00377,CASEY,METROPOLITAN SOUTH EAST REGION,2,1,0,0,1,1,0,2,0,0,2,0,0,0,0,0,0,0,0,0,No,0,2,0,2,0,0,Metropolitan Excluding CBD
20/11/2014,11.00.00,No,Struck Pedestrian,PED NEAR SIDE. PED HIT BY VEHICLE FROM THE RIGHT.,Yes,Day,No,Cross intersection,Other injury accident,40 km/hr,145.34638,-38.03109,CASEY,METROPOLITAN SOUTH EAST REGION,2,1,0,0,1,1,1,1,0,0,1,1,0,0,0,0,0,1,0,0,No,0,1,0,1,0,0,Metropolitan Excluding CBD
20/11/2014,18.18.00,Yes,Collision with vehicle,REAR END(VEHICLES IN SAME LANE),No,Day,Yes,T intersection,Other injury accident,80 km/hr,145.24982,-38.03912,CASEY,METROPOLITAN SOUTH EAST REGION,5,1,0,0,1,4,1,4,0,0,5,0,0,0,0,0,0,0,0,0,No,0,5,0,5,0,0,Metropolitan Excluding CBD