ACCIDENT_DATE,ACCIDENT_TIME,ALCOHOLTIME,ACCIDENT_TYPE,DCA_CODE,HIT_RUN_FLAG,LIGHT_CONDITION,POLICE_ATTEND,ROAD_GEOMETRY,SEVERITY,SPEED_ZONE,LONGITUDE,LATITUDE,LGA_NAME,REGION_NAME,TOTAL_PERSONS,INJ_OR_FATAL,FATALITY,SERIOUSINJURY,OTHERINJURY,NONINJURED,MALES,FEMALES,BICYCLIST,PASSENGER,DRIVER,PEDESTRIAN,PILLION,MOTORIST,UNKNOWN,PED_CYCLIST_5_12,PED_CYCLIST_13_18,OLD_PEDESTRIAN,OLD_DRIVER,YOUNG_DRIVER,ALCOHOL_RELATED,UNLICENCSED,NO_OF_VEHICLES,HEAVYVEHICLE,PASSENGERVEHICLE,MOTORCYCLE,PUBLICVEHICLE,DEG_URBAN_NAME
15/04/2015,10.45.00,No,Collision with vehicle,LEFT REAR,No,Day,No,T intersection,Other injury accident,80 km/hr,145.29025,-38.01433,CASEY,METROPOLITAN SOUTH EAST REGION,2,1,0,0,1,1,1,0,0,0,0,0,0,1,1,0,0,0,0,0,No,0,2,0,0,1,0,Metropolitan Excluding CBD
16/04/2015,09.15.00,No,Collision with vehicle,REAR END(VEHICLES IN SAME LANE),No,Day,Yes,Not at intersection,Other injury accident,80 km/hr,145.3055,-38.03432,CASEY,METROPOLITAN SOUTH EAST REGION,8,1,0,0,1,7,1,7,0,2,6,0,0,0,0,0,0,0,0,2,No,0,6,0,6,0,0,Metropolitan Excluding CBD
16/04/2015,22.26.00,Yes,Collision with a fixed object,LEFT OFF CARRIAGEWAY INTO OBJECT/PARKED VEHICLE,No,Dark Street lights on,Yes,Not at intersection,Serious injury accident,50 km/hr,145.30654,-38.02342,CASEY,METROPOLITAN SOUTH EAST REGION,1,1,0,1,0,0,1,0,0,0,1,0,0,0,0,0,0,0,0,1,No,0,1,0,1,0,0,Metropolitan Excluding CBD
17/04/2015,18.45.00,Yes,Collision with vehicle,REAR END(VEHICLES IN SAME LANE),No,Unk.,No,T intersection,Serious injury accident,80 km/hr,145.24921,-38.0033,CASEY,METROPOLITAN SOUTH EAST REGION,3,2,0,1,1,1,2,1,0,1,2,0,0,0,0,0,0,0,1,0,No,0,2,0,2,0,0,Metropolitan Excluding CBD
17/04/2015,06.10.00,No,Collision with vehicle,LANE CHANGE LEFT (NOT OVERTAKING),No,Dark Street lights unknown,No,Not at intersection,Other injury accident,100 km/hr,145.32693,-38.03468,CASEY,METROPOLITAN SOUTH EAST REGION,2,1,0,0,1,1,2,0,0,0,1,0,0,1,0,0,0,0,0,0,No,0,2,0,1,1,0,Metropolitan Excluding CBD
17/04/2015,18.00.00,Yes,No collision and no object struck,OUT OF CONTROL ON CARRIAGEWAY (ON STRAIGHT),Yes,Dark No street lights,No,T intersection,Serious injury accident,80 km/hr,145.24923,-38.0033,CASEY,METROPOLITAN SOUTH EAST REGION,2,1,0,1,0,1,1,0,0,0,0,0,0,0,2,0,0,0,0,0,No,0,2,0,0,1,0,Metropolitan Excluding CBD
19/04/2015,12.00.00,No,Collision with vehicle,REAR END(VEHICLES IN SAME LANE),No,Day,Yes,Not at intersection,Other injury accident,80 km/hr,145.25241,-38.04292,CASEY,METROPOLITAN SOUTH EAST REGION,3,1,0,0,1,2,3,0,0,1,2,0,0,0,0,0,0,0,0,1,No,0,2,0,0,0,0,Metropolitan Excluding CBD
19/04/2015,11.10.00,No,Collision with vehicle,RIGHT NEAR (INTERSECTIONS ONLY),No,Day,Yes,T intersection,Other injury accident,80 km/hr,145.25386,-38.10215,CASEY,METROPOLITAN SOUTH EAST REGION,2,1,0,0,1,1,1,1,0,0,2,0,0,0,0,0,0,0,0,1,No,0,2,0,2,0,0,Metropolitan Excluding CBD
20/04/2015,09.40.00,No,Collision with vehicle,REAR END(VEHICLES IN SAME LANE),No,Day,Yes,Not at intersection,Other injury accident,80 km/hr,145.25843,-38.11,CASEY,METROPOLITAN SOUTH EAST REGION,5,1,0,0,1,4,1,4,0,1,4,0,0,0,0,0,0,0,0,0,No,0,4,0,4,0,0,Metropolitan Excluding CBD
20/04/2015,17.56.00,No,Collision with vehicle,HEAD ON (NOT OVERTAKING),No,Dark No street lights,Yes,Not at intersection,Serious injury accident,80 km/hr,145.25767,-37.95831,CASEY,METROPOLITAN SOUTH EAST REGION,3,3,0,3,0,0,1,2,0,1,2,0,0,0,0,0,0,0,0,0,No,0,2,0,2,0,0,Metropolitan Excluding CBD
21/04/2015,09.35.00,No,Collision with vehicle,RIGHT REAR.,No,Day,Yes,T intersection,Serious injury accident,Not known,145.24622,-38.14401,CASEY,METROPOLITAN SOUTH EAST REGION,3,1,0,1,0,2,1,2,0,0,3,0,0,0,0,0,0,0,0,1,No,0,3,0,3,0,0,Metropolitan Excluding CBD
21/04/2015,21.20.00,Yes,Collision with vehicle,RIGHT THROUGH,No,Dark Street lights on,Yes,Cross intersection,Serious injury accident,80 km/hr,145.32198,-38.02821,CASEY,METROPOLITAN SOUTH EAST REGION,2,2,0,2,0,0,0,2,0,0,2,0,0,0,0,0,0,0,0,0,Yes,0,2,0,2,0,0,Metropolitan Excluding CBD
21/04/2015,13.03.00,No,Collision with vehicle,RIGHT THROUGH,No,Day,Yes,T intersection,Other injury accident,80 km/hr,145.28116,-38.09282,CASEY,METROPOLITAN SOUTH EAST REGION,2,1,0,0,1,1,1,1,0,0,2,0,0,0,0,0,0,0,0,2,No,0,2,0,2,0,0,Metropolitan Excluding CBD
22/04/2015,11.15.00,No,Collision with vehicle,RIGHT THROUGH,No,Day,Yes,Multiple intersection,Other injury accident,80 km/hr,145.27507,-37.99828,CASEY,METROPOLITAN SOUTH EAST REGION,5,1,0,0,1,4,2,3,0,3,2,0,0,0,0,0,0,0,0,0,No,0,2,0,2,0,0,Metropolitan Excluding CBD
23/04/2015,09.20.00,No,No collision and no object struck,OUT OF CONTROL ON CARRIAGEWAY (ON STRAIGHT),No,Day,Yes,Not at intersection,Serious injury accident,100 km/hr,145.37397,-38.06456,CASEY,METROPOLITAN SOUTH EAST REGION,1,1,0,1,0,0,1,0,0,0,0,0,0,1,0,0,0,0,0,0,No,0,1,0,0,1,0,Metropolitan Excluding CBD
23/04/2015,17.15.00,No,Collision with a fixed object,LEFT OFF CARRIAGEWAY INTO OBJECT/PARKED VEHICLE,No,Dark Street lights off,Yes,Not at intersection,Other injury accident,80 km/hr,145.24451,-38.15301,CASEY,METROPOLITAN SOUTH EAST REGION,1,1,0,0,1,0,1,0,0,0,1,0,0,0,0,0,0,0,0,0,No,0,1,0,1,0,0,Country
23/04/2015,23.48.00,Yes,Collision with a fixed object,OFF RIGHT BEND INTO OBJECT/PARKED VEHICLE,No,Dark Street lights on,Yes,Not at intersection,Other injury accident,60 km/hr,145.29284,-38.07022,CASEY,METROPOLITAN SOUTH EAST REGION,2,2,0,0,2,0,2,0,0,1,1,0,0,0,0,0,0,0,0,0,Yes,0,1,0,1,0,0,Metropolitan Excluding CBD
24/04/2015,17.45.00,Yes,Collision with vehicle,RIGHT THROUGH,No,Dusk/Dawn,Yes,T intersection,Other injury accident,60 km/hr,145.29783,-38.0718,CASEY,METROPOLITAN SOUTH EAST REGION,4,1,0,0,1,3,2,2,0,2,2,0,0,0,0,0,0,0,0,1,No,0,2,0,2,0,0,Metropolitan Excluding CBD
24/04/2015,17.45.00,No,Collision with vehicle,REAR END(VEHICLES IN SAME LANE),No,Dusk/Dawn,Not known,Multiple intersection,Other injury accident,80 km/hr,145.30848,-38.01814,CASEY,METROPOLITAN SOUTH EAST REGION,2,2,0,0,2,0,1,1,0,0,2,0,0,0,0,0,0,0,0,0,No,0,2,0,2,0,0,Metropolitan Excluding CBD
24/04/2015,01.45.00,Yes,Collision with vehicle,REAR END(VEHICLES IN SAME LANE),Yes,Unk.,No,Not at intersection,Other injury accident,70 km/hr,145.25377,-38.10257,CASEY,METROPOLITAN SOUTH EAST REGION,4,1,0,0,1,3,1,2,0,1,2,0,0,0,1,0,0,0,0,0,No,0,3,0,2,0,0,Metropolitan Excluding CBD
25/04/2015,12.30.00,No,Collision with vehicle,REAR END(VEHICLES IN SAME LANE),No,Day,Yes,Cross intersection,Other injury accident,50 km/hr,145.25741,-37.97816,CASEY,METROPOLITAN SOUTH EAST REGION,5,1,0,0,1,4,0,5,0,1,4,0,0,0,0,0,0,0,0,3,No,0,4,0,4,0,0,Metropolitan Excluding CBD
29/04/2015,07.15.00,No,Collision with vehicle,RIGHT FAR (INTERSECTIONS ONLY),No,Dusk/Dawn,Yes,T intersection,Other injury accident,50 km/hr,145.34176,-38.04943,CASEY,METROPOLITAN SOUTH EAST REGION,3,1,0,0,1,2,2,1,0,1,1,0,0,0,1,0,0,0,0,1,No,0,2,0,1,1,0,Metropolitan Excluding CBD
29/04/2015,08.30.00,No,Collision with vehicle,RIGHT THROUGH,No,Day,No,Cross intersection,Other injury accident,70 km/hr,145.25269,-38.02627,CASEY,METROPOLITAN SOUTH EAST REGION,2,1,0,0,1,1,0,2,0,0,2,0,0,0,0,0,0,0,0,0,No,0,2,0,2,0,0,Metropolitan Excluding CBD
1/05/2015,07.10.00,No,Collision with vehicle,REAR END(VEHICLES IN SAME LANE),No,Dusk/Dawn,Yes,Cross intersection,Other injury accident,40 km/hr,145.29912,-38.06528,CASEY,METROPOLITAN SOUTH EAST REGION,2,1,0,0,1,1,0,2,0,0,2,0,0,0,0,0,0,0,0,0,No,0,2,0,2,0,0,Metropolitan Excluding CBD
1/05/2015,15.30.00,No,Struck Pedestrian,PED NEAR SIDE. PED HIT BY VEHICLE FROM THE RIGHT.,No,Day,Yes,Not at intersection,Other injury accident,40 km/hr,145.24503,-37.98998,CASEY,METROPOLITAN SOUTH EAST REGION,2,1,0,0,1,1,0,2,0,0,1,1,0,0,0,1,0,0,0,0,No,0,1,0,1,0,0,Metropolitan Excluding CBD
1/05/2015,18.30.00,Yes,Collision with vehicle,RIGHT NEAR (INTERSECTIONS ONLY),No,Dark Street lights on,Yes,T intersection,Other injury accident,60 km/hr,145.30463,-38.03875,CASEY,METROPOLITAN SOUTH EAST REGION,2,1,0,0,1,1,0,2,0,0,2,0,0,0,0,0,0,0,0,0,No,0,2,0,2,0,0,Metropolitan Excluding CBD
2/05/2015,13.00.00,No,Collision with vehicle,HEAD ON(OVERTAKING),No,Day,Yes,Not at intersection,Serious injury accident,80 km/hr,145.3025,-38.0487,CASEY,METROPOLITAN SOUTH EAST REGION,5,4,0,1,3,1,3,2,0,2,3,0,0,0,0,0,0,0,0,1,No,0,3,0,3,0,0,Metropolitan Excluding CBD
2/05/2015,17.15.00,Yes,Collision with vehicle,REAR END(VEHICLES IN SAME LANE),No,Dusk/Dawn,No,Cross intersection,Other injury accident,60 km/hr,145.29912,-38.06528,CASEY,METROPOLITAN SOUTH EAST REGION,6,1,0,0,1,5,1,2,0,4,2,0,0,0,0,0,0,0,0,0,No,0,2,0,2,0,0,Metropolitan Excluding CBD
3/05/2015,07.40.00,Yes,Collision with vehicle,REAR END(VEHICLES IN SAME LANE),No,Dusk/Dawn,No,Multiple intersection,Other injury accident,80 km/hr,145.34147,-38.044,CASEY,METROPOLITAN SOUTH EAST REGION,2,1,0,0,1,1,1,1,0,0,2,0,0,0,0,0,0,0,0,1,No,0,2,0,2,0,0,Metropolitan Excluding CBD
4/05/2015,14.15.00,No,Collision with vehicle,LEFT FAR (INTERSECTIONS ONLY),No,Day,Yes,T intersection,Other injury accident,50 km/hr,145.34317,-38.03456,CASEY,METROPOLITAN SOUTH EAST REGION,3,1,0,0,1,2,1,2,0,1,2,0,0,0,0,0,0,0,0,0,No,0,2,0,2,0,0,Metropolitan Excluding CBD
5/05/2015,19.00.00,Yes,Collision with vehicle,RIGHT THROUGH,No,Day,No,Cross intersection,Other injury accident,Not known,145.28279,-38.11303,CASEY,METROPOLITAN SOUTH EAST REGION,3,1,0,0,1,2,1,2,0,1,2,0,0,0,0,0,0,0,0,0,No,0,2,0,2,0,0,Metropolitan Excluding CBD
6/05/2015,06.30.00,No,Collision with vehicle,RIGHT THROUGH,No,Dusk/Dawn,Yes,Cross intersection,Other injury accident,70 km/hr,145.33818,-38.05989,CASEY,METROPOLITAN SOUTH EAST REGION,2,1,0,0,1,1,2,0,0,0,2,0,0,0,0,0,0,0,0,0,No,0,2,0,2,0,0,Metropolitan Excluding CBD
6/05/2015,07.12.00,No,Collision with vehicle,RIGHT NEAR (INTERSECTIONS ONLY),No,Dusk/Dawn,Yes,T intersection,Other injury accident,70 km/hr,145.32185,-38.00115,CASEY,METROPOLITAN SOUTH EAST REGION,2,1,0,0,1,1,0,2,0,0,2,0,0,0,0,0,0,0,0,1,No,0,2,0,2,0,0,Metropolitan Excluding CBD
6/05/2015,18.00.00,Yes,Collision with vehicle,REAR END(VEHICLES IN SAME LANE),No,Dark Street lights on,Yes,Not at intersection,Other injury accident,50 km/hr,145.34105,-38.03091,CASEY,METROPOLITAN SOUTH EAST REGION,3,1,0,0,1,2,2,1,0,0,3,0,0,0,0,0,0,0,0,1,No,0,3,0,3,0,0,Metropolitan Excluding CBD
6/05/2015,17.45.00,No,Collision with vehicle,VEHICLE STRIKES ANOTHER VEH WHILE EMERGING FROM DRIVEWAY,No,Dark No street lights,Yes,Not at intersection,Serious injury accident,70 km/hr,145.28781,-38.03734,CASEY,METROPOLITAN SOUTH EAST REGION,2,1,0,1,0,1,2,0,0,0,1,0,0,1,0,0,0,0,0,0,No,0,2,0,1,1,0,Metropolitan Excluding CBD
6/05/2015,07.10.00,No,Collision with vehicle,REAR END(VEHICLES IN SAME LANE),No,Dusk/Dawn,No,Not at intersection,Other injury accident,100 km/hr,145.28454,-37.99917,CASEY,METROPOLITAN SOUTH EAST REGION,2,1,0,0,1,1,1,1,0,0,2,0,0,0,0,0,0,0,0,0,No,0,2,0,2,0,0,Metropolitan Excluding CBD
7/05/2015,13.10.00,No,Collision with vehicle,REAR END(VEHICLES IN SAME LANE),No,Day,No,Not at intersection,Other injury accident,60 km/hr,145.23649,-37.9728,CASEY,METROPOLITAN SOUTH EAST REGION,3,3,0,0,3,0,1,2,0,1,2,0,0,0,0,0,0,0,0,1,No,0,2,0,2,0,0,Metropolitan Excluding CBD
7/05/2015,11.30.00,No,collision with some other object,TEMPORARY ROADWORKS,Yes,Day,No,Not at intersection,Serious injury accident,Camping grounds or off road,145.29692,-38.07659,CASEY,METROPOLITAN SOUTH EAST REGION,1,1,0,1,0,0,1,0,0,0,0,0,0,1,0,0,0,0,0,0,No,0,1,0,0,1,0,Metropolitan Excluding CBD
8/05/2015,10.51.00,No,Collision with vehicle,RIGHT NEAR (INTERSECTIONS ONLY),No,Day,Yes,T intersection,Other injury accident,80 km/hr,145.29727,-38.01942,CASEY,METROPOLITAN SOUTH EAST REGION,2,1,0,0,1,1,1,1,0,0,2,0,0,0,0,0,0,0,0,0,No,0,2,0,2,0,0,Metropolitan Excluding CBD
8/05/2015,15.00.00,No,No collision and no object struck,OUT OF CONTROL ON CARRIAGEWAY (ON STRAIGHT),No,Day,No,T intersection,Other injury accident,50 km/hr,145.27321,-38.10073,CASEY,METROPOLITAN SOUTH EAST REGION,1,1,0,0,1,0,1,0,0,0,0,0,0,1,0,0,0,0,0,0,No,0,1,0,0,1,0,Metropolitan Excluding CBD
10/05/2015,19.20.00,Yes,Collision with vehicle,REAR END(VEHICLES IN SAME LANE),No,Dark Street lights on,Yes,Not at intersection,Serious injury accident,100 km/hr,145.30639,-38.01589,CASEY,METROPOLITAN SOUTH EAST REGION,6,3,0,2,1,3,3,3,0,4,2,0,0,0,0,0,0,0,0,0,No,0,2,0,2,0,0,Metropolitan Excluding CBD
10/05/2015,20.00.00,No,Struck Pedestrian,ANY MANOEUVRE INVOLVING PED NOT INCLUDED IN DCAs 100-108.,No,Dark Street lights on,No,Not at intersection,Other injury accident,60 km/hr,145.27005,-37.96269,CASEY,METROPOLITAN SOUTH EAST REGION,2,1,0,0,1,1,2,0,0,0,1,1,0,0,0,0,0,1,0,1,No,0,1,0,1,0,0,Metropolitan Excluding CBD
11/05/2015,15.15.00,No,Collision with vehicle,CROSS TRAFFIC(INTERSECTIONS ONLY),No,Day,Yes,Cross intersection,Serious injury accident,80 km/hr,145.25821,-37.97484,CASEY,METROPOLITAN SOUTH EAST REGION,2,1,0,1,0,1,1,1,0,0,2,0,0,0,0,0,0,0,0,1,No,0,2,0,2,0,0,Metropolitan Excluding CBD
12/05/2015,08.02.00,No,Collision with vehicle,REAR END(VEHICLES IN SAME LANE),No,Day,Yes,Not at intersection,Other injury accident,100 km/hr,145.32026,-38.02761,CASEY,METROPOLITAN SOUTH EAST REGION,2,1,0,0,1,1,2,0,0,0,2,0,0,0,0,0,0,0,0,0,No,0,2,0,2,0,0,Metropolitan Excluding CBD
13/05/2015,08.00.00,No,Collision with vehicle,CUTTING IN (OVERTAKING),No,Day,No,Multiple intersection,Other injury accident,80 km/hr,145.24906,-38.038,CASEY,METROPOLITAN SOUTH EAST REGION,2,1,0,0,1,1,0,2,0,0,2,0,0,0,0,0,0,0,0,1,No,0,2,0,2,0,0,Metropolitan Excluding CBD
14/05/2015,18.28.00,Yes,Struck Pedestrian,FAR SIDE. PED HIT BY VEHICLE FROM THE LEFT,No,Dark Street lights on,Yes,Cross intersection,Other injury accident,80 km/hr,145.27122,-38.11164,CASEY,METROPOLITAN SOUTH EAST REGION,2,1,0,0,1,1,1,1,0,0,1,1,0,0,0,0,0,0,1,0,No,0,1,0,1,0,0,Metropolitan Excluding CBD
14/05/2015,06.35.00,No,Collision with vehicle,RIGHT THROUGH,No,Dusk/Dawn,Yes,T intersection,Other injury accident,60 km/hr,145.26399,-38.00509,CASEY,METROPOLITAN SOUTH EAST REGION,2,1,0,0,1,1,1,1,0,0,2,0,0,0,0,0,0,0,0,1,No,0,2,0,2,0,0,Metropolitan Excluding CBD
14/05/2015,23.00.00,Yes,Collision with a fixed object,LEFT OFF CARRIAGEWAY INTO OBJECT/PARKED VEHICLE,No,Dark No street lights,Yes,Not at intersection,Other injury accident,100 km/hr,145.22948,-38.12834,CASEY,METROPOLITAN SOUTH EAST REGION,2,2,0,0,2,0,0,2,0,1,1,0,0,0,0,0,0,0,0,1,No,0,1,0,1,0,0,Metropolitan Excluding CBD
14/05/2015,11.20.00,No,Collision with a fixed object,LEFT OFF CARRIAGEWAY INTO OBJECT/PARKED VEHICLE,No,Day,No,Not at intersection,Other injury accident,60 km/hr,145.30564,-38.03123,CASEY,METROPOLITAN SOUTH EAST REGION,1,1,0,0,1,0,1,0,0,0,1,0,0,0,0,0,0,0,1,0,No,0,1,0,1,0,0,Metropolitan Excluding CBD
16/05/2015,18.00.00,Yes,Collision with vehicle,REAR END(VEHICLES IN SAME LANE),No,Dark No street lights,Yes,Not at intersection,Other injury accident,100 km/hr,145.28849,-37.99972,CASEY,METROPOLITAN SOUTH EAST REGION,3,1,0,0,1,2,0,3,0,0,3,0,0,0,0,0,0,0,0,2,No,0,3,0,3,0,0,Metropolitan Excluding CBD
17/05/2015,04.16.00,Yes,Collision with a fixed object,OFF END OF ROAD/T-INTERSECTION.,No,Dark Street lights on,Yes,T intersection,Other injury accident,50 km/hr,145.23466,-37.99694,CASEY,METROPOLITAN SOUTH EAST REGION,3,1,0,0,1,2,1,0,0,1,2,0,0,0,0,0,0,0,0,0,No,0,2,0,2,0,0,Metropolitan Excluding CBD
17/05/2015,14.20.00,No,Collision with a fixed object,OFF END OF ROAD/T-INTERSECTION.,No,Day,No,T intersection,Other injury accident,50 km/hr,145.31003,-38.0573,CASEY,METROPOLITAN SOUTH EAST REGION,1,1,0,0,1,0,1,0,0,0,1,0,0,0,0,0,0,0,0,0,No,0,1,0,1,0,0,Metropolitan Excluding CBD
17/05/2015,09.50.00,No,Collision with vehicle,REAR END(VEHICLES IN SAME LANE),No,Day,No,Not at intersection,Other injury accident,80 km/hr,145.30664,-38.02702,CASEY,METROPOLITAN SOUTH EAST REGION,4,1,0,0,1,3,3,1,0,0,4,0,0,0,0,0,0,0,0,1,No,1,4,0,4,0,0,Metropolitan Excluding CBD
19/05/2015,11.00.00,No,Collision with vehicle,HEAD ON (NOT OVERTAKING),No,Day,Yes,Not at intersection,Other injury accident,100 km/hr,145.34683,-38.19583,CASEY,METROPOLITAN SOUTH EAST REGION,2,1,0,0,1,1,1,1,0,0,2,0,0,0,0,0,0,0,0,0,No,0,2,0,2,0,0,Country
19/05/2015,21.29.00,Yes,Collision with vehicle,VEHICLE COLLIDES WITH VEHICLE PARKED ON LEFT OF ROAD,No,Dark Street lights on,Yes,Not at intersection,Other injury accident,40 km/hr,145.26768,-38.07386,CASEY,METROPOLITAN SOUTH EAST REGION,1,1,0,0,1,0,1,0,0,0,1,0,0,0,0,0,0,0,0,0,No,1,2,0,1,0,0,Metropolitan Excluding CBD
19/05/2015,06.30.00,No,Collision with vehicle,RIGHT THROUGH,No,Unk.,Yes,T intersection,Other injury accident,80 km/hr,145.29548,-38.13268,CASEY,METROPOLITAN SOUTH EAST REGION,2,1,0,0,1,1,1,1,0,0,2,0,0,0,0,0,0,0,0,0,No,0,2,0,2,0,0,Metropolitan Excluding CBD
20/05/2015,17.35.00,No,Collision with vehicle,LANE CHANGE LEFT (NOT OVERTAKING),No,Dusk/Dawn,No,Not at intersection,Other injury accident,80 km/hr,145.23825,-38.002,CASEY,METROPOLITAN SOUTH EAST REGION,2,1,0,0,1,1,2,0,0,0,1,0,0,1,0,0,0,0,0,1,No,0,2,0,1,1,0,Metropolitan Excluding CBD
22/05/2015,13.45.00,No,Vehicle overturned (no collision),OFF CARRIAGEWAY TO LEFT,No,Day,Not known,Cross intersection,Other injury accident,Not known,145.2423,-37.97296,CASEY,METROPOLITAN SOUTH EAST REGION,1,1,0,0,1,0,0,1,0,0,1,0,0,0,0,0,0,0,0,0,No,0,1,0,1,0,0,Metropolitan Excluding CBD
22/05/2015,17.00.00,Yes,Collision with vehicle,LANE CHANGE LEFT (NOT OVERTAKING),No,Dusk/Dawn,No,Not at intersection,Other injury accident,100 km/hr,145.23989,-38.07608,CASEY,METROPOLITAN SOUTH EAST REGION,2,1,0,0,1,1,1,1,0,0,1,0,0,1,0,0,0,0,0,0,No,0,2,0,1,1,0,Metropolitan Excluding CBD
23/05/2015,07.10.00,Yes,Collision with vehicle,RIGHT THROUGH,No,Dusk/Dawn,Yes,Cross intersection,Other injury accident,60 km/hr,145.28279,-38.11303,CASEY,METROPOLITAN SOUTH EAST REGION,3,2,0,0,2,1,1,2,0,1,2,0,0,0,0,0,0,0,0,1,No,0,2,0,2,0,0,Metropolitan Excluding CBD
24/05/2015,19.00.00,Yes,Collision with vehicle,LEFT NEAR (INTERSECTIONS ONLY),No,Dark No street lights,No,T intersection,Other injury accident,60 km/hr,145.29646,-38.07903,CASEY,METROPOLITAN SOUTH EAST REGION,3,1,0,0,1,2,2,1,0,1,2,0,0,0,0,0,0,0,0,1,No,0,2,0,2,0,0,Metropolitan Excluding CBD
25/05/2015,18.00.00,Yes,Collision with vehicle,REAR END(VEHICLES IN SAME LANE),No,Dark Street lights on,Yes,Cross intersection,Other injury accident,80 km/hr,145.27134,-38.07413,CASEY,METROPOLITAN SOUTH EAST REGION,3,1,0,0,1,2,1,2,0,0,3,0,0,0,0,0,0,0,0,0,No,0,3,0,3,0,0,Metropolitan Excluding CBD
25/05/2015,16.50.00,No,Collision with vehicle,CROSS TRAFFIC(INTERSECTIONS ONLY),No,Dusk/Dawn,Yes,Cross intersection,Other injury accident,50 km/hr,145.26579,-38.00321,CASEY,METROPOLITAN SOUTH EAST REGION,4,1,0,0,1,3,2,2,0,2,2,0,0,0,0,0,0,0,0,1,No,0,3,0,2,0,1,Metropolitan Excluding CBD
25/05/2015,15.30.00,No,Collision with vehicle,REAR END(VEHICLES IN SAME LANE),No,Day,No,Not at intersection,Other injury accident,80 km/hr,145.25771,-38.07994,CASEY,METROPOLITAN SOUTH EAST REGION,3,1,0,0,1,2,2,1,0,0,3,0,0,0,0,0,0,0,0,0,No,0,3,0,3,0,0,Metropolitan Excluding CBD
26/05/2015,18.35.00,Yes,Collision with vehicle,U TURN,Yes,Dark Street lights on,Yes,Not at intersection,Serious injury accident,80 km/hr,145.33955,-38.05362,CASEY,METROPOLITAN SOUTH EAST REGION,3,1,0,1,0,2,2,1,0,1,1,0,0,1,0,0,0,0,0,1,No,0,2,0,1,1,0,Metropolitan Excluding CBD
27/05/2015,23.00.00,Yes,Struck animal,STRUCK ANIMAL,No,Dark No street lights,Yes,T intersection,Other injury accident,80 km/hr,145.28183,-37.9621,CASEY,METROPOLITAN SOUTH EAST REGION,1,1,0,0,1,0,1,0,0,0,0,0,0,1,0,0,0,0,0,0,No,0,1,0,0,1,0,Metropolitan Excluding CBD
27/05/2015,09.15.00,No,Collision with vehicle,REAR END(VEHICLES IN SAME LANE),No,Day,No,Multiple intersection,Other injury accident,Not known,145.23626,-37.97252,CASEY,METROPOLITAN SOUTH EAST REGION,2,1,0,0,1,1,1,1,0,0,2,0,0,0,0,0,0,0,1,0,No,0,2,0,2,0,0,Metropolitan Excluding CBD
27/05/2015,18.30.00,Yes,Collision with vehicle,RIGHT NEAR (INTERSECTIONS ONLY),No,Dark Street lights on,No,T intersection,Serious injury accident,50 km/hr,145.30056,-38.09951,CASEY,METROPOLITAN SOUTH EAST REGION,3,2,0,2,0,1,1,2,0,1,2,0,0,0,0,0,0,0,0,1,No,0,2,0,2,0,0,Metropolitan Excluding CBD
28/05/2015,06.15.00,No,Collision with a fixed object,RIGHT OFF CARRIAGEWAY INTO OBJECT/PARKED VEHICLE,No,Dusk/Dawn,Yes,T intersection,Other injury accident,50 km/hr,145.34785,-38.03146,CASEY,METROPOLITAN SOUTH EAST REGION,1,1,0,0,1,0,1,0,0,0,1,0,0,0,0,0,0,0,0,0,Yes,1,1,0,1,0,0,Metropolitan Excluding CBD
28/05/2015,06.50.00,No,Collision with vehicle,RIGHT THROUGH,No,Dusk/Dawn,Yes,T intersection,Serious injury accident,80 km/hr,145.31857,-38.15991,CASEY,METROPOLITAN SOUTH EAST REGION,3,1,0,1,0,2,2,1,0,1,2,0,0,0,0,0,0,0,0,0,No,0,2,1,1,0,0,Country
28/05/2015,09.40.00,No,Collision with vehicle,VEHICLE STRIKES ANOTHER VEH WHILE EMERGING FROM DRIVEWAY,No,Day,No,Not at intersection,Other injury accident,Camping grounds or off road,145.30922,-38.11234,CASEY,METROPOLITAN SOUTH EAST REGION,3,1,0,0,1,2,1,1,1,1,1,0,0,0,0,0,0,0,0,0,No,0,2,0,1,0,0,Metropolitan Excluding CBD
29/05/2015,02.10.00,Yes,Collision with a fixed object,RIGHT OFF CARRIAGEWAY INTO OBJECT/PARKED VEHICLE,No,Dark Street lights on,Yes,Not at intersection,Fatal accident,60 km/hr,145.24046,-37.98222,CASEY,METROPOLITAN SOUTH EAST REGION,1,1,1,0,0,0,1,0,0,0,1,0,0,0,0,0,0,0,0,0,No,1,1,0,1,0,0,Metropolitan Excluding CBD
29/05/2015,18.15.00,Yes,Collision with vehicle,RIGHT THROUGH,No,Dark Street lights on,Yes,Cross intersection,Other injury accident,60 km/hr,145.27059,-37.97651,CASEY,METROPOLITAN SOUTH EAST REGION,4,2,0,0,2,2,3,1,0,2,2,0,0,0,0,0,0,0,0,1,No,0,2,0,1,0,0,Metropolitan Excluding CBD